{
  "2025": [
    {
      "date": "2025-01-01",
      "name": "New Year's Day",
      "day_of_week": "Wednesday",
      "type": "fixed"
    },
    {
      "date": "2025-01-20",
      "name": "Martin Luther King, Jr. Day",
      "day_of_week": "Monday",
      "type": "moving"
    },
    {
      "date": "2025-02-17",
      "name": "Washington's Birthday (Presidents Day)",
      "day_of_week": "Monday",
      "type": "moving"
    },
    {
      "date": "2025-04-18",
      "name": "Good Friday",
      "day_of_week": "Friday",
      "type": "moving"
    },
    {
      "date": "2025-05-26",
      "name": "Memorial Day",
      "day_of_week": "Monday",
      "type": "moving"
    },
    {
      "date": "2025-06-19",
      "name": "Juneteenth National Independence Day",
      "day_of_week": "Thursday",
      "type": "fixed"
    },
    {
      "date": "2025-07-04",
      "name": "Independence Day",
      "day_of_week": "Friday",
      "type": "fixed"
    },
    {
      "date": "2025-09-01",
      "name": "Labor Day",
      "day_of_week": "Monday",
      "type": "moving"
    },
    {
      "date": "2025-11-27",
      "name": "Thanksgiving Day",
      "day_of_week": "Thursday",
      "type": "moving"
    },
    {
      "date": "2025-12-25",
      "name": "Christmas Day",
      "day_of_week": "Thursday",
      "type": "fixed"
    }
  ],
  "2026": [
    {
      "date": "2026-01-01",
      "name": "New Year's Day",
      "day_of_week": "Thursday",
      "type": "fixed"
    },
    {
      "date": "2026-01-19",
      "name": "Martin Luther King, Jr. Day",
      "day_of_week": "Monday",
      "type": "moving"
    },
    {
      "date": "2026-02-16",
      "name": "Washington's Birthday (Presidents Day)",
      "day_of_week": "Monday",
      "type": "moving"
    },
    {
      "date": "2026-04-03",
      "name": "Good Friday",
      "day_of_week": "Friday",
      "type": "moving"
    },
    {
      "date": "2026-05-25",
      "name": "Memorial Day",
      "day_of_week": "Monday",
      "type": "moving"
    },
    {
      "date": "2026-06-19",
      "name": "Juneteenth National Independence Day",
      "day_of_week": "Friday",
      "type": "fixed"
    },
    {
      "date": "2026-07-03",
      "name": "Independence Day (Observed)",
      "day_of_week": "Friday",
      "type": "fixed",
      "note": "July 4th falls on Saturday, observed Friday"
    },
    {
      "date": "2026-09-07",
      "name": "Labor Day",
      "day_of_week": "Monday",
      "type": "moving"
    },
    {
      "date": "2026-11-26",
      "name": "Thanksgiving Day",
      "day_of_week": "Thursday",
      "type": "moving"
    },
    {
      "date": "2026-12-25",
      "name": "Christmas Day",
      "day_of_week": "Friday",
      "type": "fixed"
    }
  ],
  "2027": [
    {
      "date": "2027-01-01",
      "name": "New Year's Day",
      "day_of_week": "Friday",
      "type": "fixed"
    },
    {
      "date": "2027-01-18",
      "name": "Martin Luther King, Jr. Day",
      "day_of_week": "Monday",
      "type": "moving"
    },
    {
      "date": "2027-02-15",
      "name": "Washington's Birthday (Presidents Day)",
      "day_of_week": "Monday",
      "type": "moving"
    },
    {
      "date": "2027-03-26",
      "name": "Good Friday",
      "day_of_week": "Friday",
      "type": "moving"
    },
    {
      "date": "2027-05-31",
      "name": "Memorial Day",
      "day_of_week": "Monday",
      "type": "moving"
    },
    {
      "date": "2027-06-18",
      "name": "Juneteenth National Independence Day (Observed)",
      "day_of_week": "Friday",
      "type": "fixed",
      "note": "June 19th falls on Saturday, observed Friday"
    },
    {
      "date": "2027-07-05",
      "name": "Independence Day (Observed)",
      "day_of_week": "Monday",
      "type": "fixed",
      "note": "July 4th falls on Sunday, observed Monday"
    },
    {
      "date": "2027-09-06",
      "name": "Labor Day",
      "day_of_week": "Monday",
      "type": "moving"
    },
    {
      "date": "2027-11-25",
      "name": "Thanksgiving Day",
      "day_of_week": "Thursday",
      "type": "moving"
    },
    {
      "date": "2027-12-24",
      "name": "Christmas Day (Observed)",
      "day_of_week": "Friday",
      "type": "fixed",
      "note": "December 25th falls on Saturday, observed Friday"
    }
  ]
}